INSERT INTO "ROLE" (ID,ROLE_NAME,DESCRIPTION) VALUES (
1,'info','Role: info');
INSERT INTO "ROLE" (ID,ROLE_NAME,DESCRIPTION) VALUES (
2,'admin','Role: administrator');
INSERT INTO "ROLE" (ID,ROLE_NAME,DESCRIPTION) VALUES (
3,'myissues.read','Right: view my issues');
INSERT INTO "ROLE" (ID,ROLE_NAME,DESCRIPTION) VALUES (
4,'myissues.write','Right: change my issues');
INSERT INTO "ROLE" (ID,ROLE_NAME,DESCRIPTION) VALUES (
5,'under_under_info','Role: test role under under_info');
INSERT INTO "ROLE" (ID,ROLE_NAME,DESCRIPTION) VALUES (
6,'under_info','Role: test role under info role');
INSERT INTO "ROLE" (ID,ROLE_NAME,DESCRIPTION) VALUES (
7,'employee','Role: standard user');


INSERT INTO ROLE_ROLE
(RIGHT_ID, ROLE_ID)
VALUES('3', '1');
INSERT INTO ROLE_ROLE
(RIGHT_ID, ROLE_ID)
VALUES('7', '2');
INSERT INTO ROLE_ROLE
(RIGHT_ID, ROLE_ID)
VALUES('5', '6');
INSERT INTO ROLE_ROLE
(RIGHT_ID, ROLE_ID)
VALUES('6', '1');
INSERT INTO ROLE_ROLE
(RIGHT_ID, ROLE_ID)
VALUES('4', '7');
INSERT INTO ROLE_ROLE
(RIGHT_ID, ROLE_ID)
VALUES('1', '7');


INSERT INTO PUBLIC."USER"
(ID, USER_NAME, FIRST_NAME, LAST_NAME, PASSWORD)
VALUES(1, 'rea', 'Rea', 'Knees', 'rea');
INSERT INTO PUBLIC."USER"
(ID, USER_NAME, FIRST_NAME, LAST_NAME, PASSWORD)
VALUES(2, 'ben', 'Ben', 'Knees', 'ben');
INSERT INTO PUBLIC."USER"
(ID, USER_NAME, FIRST_NAME, LAST_NAME, PASSWORD)
VALUES(3, 'tom', 'Tom', 'Knees', 'tom');
INSERT INTO PUBLIC."USER"
(ID, USER_NAME, FIRST_NAME, LAST_NAME, PASSWORD)
VALUES(4, 'andi', 'Andreas', 'Knees', 'andi');


INSERT INTO PUBLIC.USER_ROLE
(USER_ID, ROLE_ID)
VALUES(1, 6);
INSERT INTO PUBLIC.USER_ROLE
(USER_ID, ROLE_ID)
VALUES(4, 1);
INSERT INTO PUBLIC.USER_ROLE
(USER_ID, ROLE_ID)
VALUES(3, 7);
INSERT INTO PUBLIC.USER_ROLE
(USER_ID, ROLE_ID)
VALUES(2, 2);


